Userid,userName,Date of birth
1,Cristy Greenacre,1996/02/22
2,Milka Dangerfield,1983/02/18
3,Oswald Canedo,1981/02/14
4,Tallia Draijer,1998/10/02
5,Biddy Jerrim,1975/11/05
6,Marney Rabbe,1977/10/07
7,Sib Costell,1994/09/11
8,Christye Spencook,2007/07/19
9,Romain Armitage,1978/12/26
10,Lacy Childe,1999/07/14
11,Chrissie McLardie,2001/03/22
12,Cathlene Yurshev,2009/06/21
13,Hendrika Muddle,1994/07/19
14,Norbie Rosenkrantz,1963/04/24
15,Merrill Coop,1968/11/24
16,Alair Seager,1977/10/06
17,Irina Cobain,2004/12/08
18,Kettie Choke,1967/08/14
19,Dix Antoszczyk,1967/04/01
20,Jae Lempel,1962/06/21
21,Germain Klimentov,1966/04/10
22,Craggie Elliston,1975/02/06
23,Christina Camelli,1973/01/22
24,Eva Lambert-Ciorwyn,1973/07/17
25,Easter Legonidec,1968/10/19
26,Deeann Antrim,1994/05/25
27,Dulcea Willoughby,1975/05/18
28,Alex Butten,1983/03/02
29,Margit Denford,1975/07/29
30,Felicia Griffoen,1990/10/30
